<?xml version="1.0" encoding="UTF-8"?>
<model package="migxresourcerelations" baseClass="xPDOObject" platform="mysql" defaultEngine="MyISAM" version="1.1">
    <object class="rrResourceRelation" table="rr_resource_relations" extends="xPDOSimpleObject">
        
        <field key="source_id" dbtype="int" precision="10" phptype="integer" null="false" default="0" index="index" />
        <field key="target_id" dbtype="int" precision="10" phptype="integer" null="false" default="0" index="index" />	
		<field key="active" dbtype="tinyint" precision="1" attributes="unsigned" phptype="integer" null="false" default="0" index="index" />
        <field key="published" dbtype="tinyint" precision="1" attributes="unsigned" phptype="integer" null="false" default="0" index="index" />
        <field key="pos" dbtype="int" precision="10" phptype="integer" null="false" default="0" index="index" />
        <field key="extended" dbtype="text" phptype="json" null="false" default="" />
       
        <aggregate alias="Source" class="modResource" local="source_id" foreign="id" cardinality="one" owner="foreign" />
        <aggregate alias="Target" class="modResourse" local="target_id" foreign="id" cardinality="one" owner="foreign" />          
    </object>
    
</model>    